Threshold (S),Size,Median Time (s),Average Comparisons,Combined Score
1,1000,0.003548299995600246,8684.0,1.9421488947093009
1,2000,0.002950200010673143,19407.0,1.7110133008637751
1,5000,0.007555300006060861,55189.0,3.561087695957128
1,10000,0.016400399996200576,120423.0,7.103924025997885
1,20000,0.036014900004374795,260948.0,14.95387416687583
1,50000,0.10212749999482185,718220.0,41.40313571265672
1,100000,0.2078853999992134,1536199.0,83.70909037365618
1,200000,0.35333490000630263,3272792.0,141.89151687111544
1,500000,1.0274607000028482,8837948.0,411.54448385118815
1,1000000,2.2657110000000102,18673448.0,906.8465267970513
1,2000000,4.819349299999885,39347834.0,1928.3036696227884
2,1000,0.0010534000030020252,8697.0,0.9449715756587389
2,2000,0.001991099998122081,19452.0,1.3286043979377882
2,5000,0.005637800000840798,55246.0,2.7946443475234792
2,10000,0.012449000001652166,120388.0,5.523205987430797
2,20000,0.028368600003886968,260884.0,11.895219785476138
2,50000,0.07355570000072476,718370.0,29.974531028372024
2,100000,0.15481170000566635,1536103.0,62.47957569758186
2,200000,0.3353852000000188,3272739.0,134.71162783945675
2,500000,0.9864700000034645,8837222.0,395.14815783306085
2,1000000,2.3220159000047715,18673863.0,929.3684992917006
2,2000000,5.089693800007808,39346365.0,2036.4414485716347
3,1000,0.0011837000056402758,8710.0,0.9978742547027655
3,2000,0.0019089999987045303,19397.0,1.2942597178331217
3,5000,0.005387400000472553,55250.0,2.6945234107905236
3,10000,0.012076700004399754,120453.0,5.374579492775604
3,20000,0.026967000012518838,260856.0,11.33452099715189
3,50000,0.07418510000570677,718315.0,30.226248748801645
3,100000,0.16187560000980739,1536352.0,65.30522564700097
3,200000,0.3488999999972293,3272731.0,140.11754647545112
3,500000,1.0199423999874853,8836913.0,408.5370982403365
3,1000000,2.1613193999946816,18673828.0,865.0898982340597
3,2000000,4.862980299993069,39348413.0,1945.7560779185321
4,1000,0.000956199990469031,8795.0,0.9119917585605553
4,2000,0.002117500000167638,19537.0,1.3814898138232823
4,5000,0.00533599998743739,55264.0,2.6741001275266556
4,10000,0.012275200002477504,120556.0,5.454444583350005
4,20000,0.025898000007146038,261031.0,10.907288443608994
4,50000,0.07550540000374895,718379.0,30.754417948382947
4,100000,0.14572420000331476,1536613.0,58.84475992699856
4,200000,0.33741369999188464,3273147.0,135.52309734358468
4,500000,0.9407130999898072,8863348.0,376.84705385519464
4,1000000,2.053331100003561,18726767.0,821.8961718603055
4,2000000,4.514115900004981,39453956.0,1806.2118306097398
5,1000,0.0009147000091616064,8762.0,0.8934049680662032
5,2000,0.001980299988645129,19498.0,1.3255428540657657
5,5000,0.004852099998970516,55758.0,2.485364463811167
5,10000,0.012678400002187118,121554.0,5.620231002268941
5,20000,0.023991900001419708,263214.0,10.14943210021782
5,50000,0.06630060001043603,718380.0,27.072498719813474
5,100000,0.14812569999776315,1536823.0,59.80543578433683
5,200000,0.3427970000047935,3273632.0,137.67649997394446
5,500000,1.018810499997926,8863229.0,408.0860063154855
5,1000000,2.058246600005077,18726663.0,823.8623687301999
5,2000000,4.502460599993356,39455307.0,1801.549729968187
6,1000,0.0009365000005345792,8791.0,0.9038709385902434
6,2000,0.0019526999967638403,19502.0,1.3146122886105336
6,5000,0.00489069998729974,55773.0,2.5009509469466398
6,10000,0.011076299997512251,121496.0,4.979129104302766
6,20000,0.02358740000636317,262930.0,9.98703578559996
6,50000,0.06287230001180433,727624.0,25.708285097998488
6,100000,0.14412489999085665,1554972.0,58.21167185364379
6,200000,0.3119678999937605,3309405.0,125.35095430178954
6,500000,0.9416381000046385,8863665.0,377.2170739545494
6,1000000,2.046606999996584,18729008.0,819.2065993183367
6,2000000,4.486514200005331,39453388.0,1795.1711424690661
7,1000,0.0008911999902920797,8819.0,0.8874367024689619
7,2000,0.0017692999972496182,19631.0,1.2447814481422332
7,5000,0.004829199999221601,55741.0,2.476038444400646
7,10000,0.011277099998551421,121362.0,5.05884403442715
7,20000,0.024240699989604764,262833.0,10.248152107383435
7,50000,0.06439249998948071,728806.0,26.317273758299653
7,100000,0.14650530001381412,1557724.0,59.16482598428446
7,200000,0.314086700003827,3316067.0,126.1996092523262
7,500000,0.9328119999991031,8910452.0,373.68959960200095
7,1000000,2.020419499996933,18821352.0,808.7343791498682
7,2000000,4.500372700000298,39640374.0,1800.7172224286533
8,1000,0.0009255000040866435,9163.0,0.9218675716884692
8,2000,0.001643399999011308,20261.0,1.2116568781690373
8,5000,0.0050832999986596406,55787.0,2.5781276734407976
8,10000,0.011316400006762706,121529.0,5.075318117850802
8,20000,0.02417109999805689,263135.0,10.220946222073312
8,50000,0.06641899999522138,729057.0,27.12806671827518
8,100000,0.14273579999280628,1557885.0,57.65708413487649
8,200000,0.31290780000563245,3314620.0,125.72780274034949
8,500000,0.8925875999993877,9036348.0,357.60781966987554
8,1000000,2.018712399993092,19073264.0,808.0591224551586
8,2000000,4.274623199991765,40141490.0,1710.4246046294547
9,1000,0.000985000006039627,9139.0,0.9442226284904756
9,2000,0.001673899998422712,20182.0,1.2216956098122527
9,5000,0.005926600002567284,56193.0,2.919412611559587
9,10000,0.011368099992978387,122697.0,5.101272157861107
9,20000,0.02519610000308603,264928.0,10.634710997519027
9,50000,0.07922279999183957,728349.0,32.24904243789092
9,100000,0.14335909999499563,1558427.0,57.90659992566141
9,200000,0.3042068000067957,3315529.0,122.24755759917227
9,500000,0.940157699995325,9036200.0,376.63585028709434
9,1000000,2.020202400002745,19072507.0,808.6550996710491
9,2000000,4.469440699991537,40144281.0,1788.3516446311435
10,1000,0.0009236000041710213,9227.0,0.9249607556667193
10,2000,0.0016603999974904582,20280.0,1.2189766762227934
10,5000,0.00492409999424126,58612.0,2.542036208052617
10,10000,0.010087200003908947,127103.0,4.608807234646764
10,20000,0.024653300002682954,274186.0,10.437030078480227
10,50000,0.0695207999960985,729451.0,28.369089608369563
10,100000,0.14372979999461677,1557865.0,58.05467691088079
10,200000,0.3270823000057135,3316329.0,131.3978938877229
10,500000,0.8881505999888759,9037040.0,355.8330635289142
10,1000000,2.263873699994292,19072046.0,906.1236057901851
10,2000000,4.403744600000209,40144734.0,1762.073211127198
11,1000,0.0008776999893598258,9143.0,0.9015434458150863
11,2000,0.0016217999946093187,20218.0,1.2018404899624455
11,5000,0.005077800000435673,58554.0,2.60294979102242
11,10000,0.01085209999291692,126945.0,4.914053789160229
11,20000,0.023671200004173443,274743.0,10.045359615497375
11,50000,0.06362140001147054,729228.0,26.009158181998558
11,100000,0.14436900000146125,1558086.0,58.310436746773426
11,200000,0.3015707000013208,3316026.0,121.19320226651332
11,500000,0.8932188000035239,9036568.0,357.8603136164918
11,1000000,1.9691151000006357,19071712.0,788.2201557383207
11,2000000,4.451977499993518,40146229.0,1781.366392551487
12,1000,0.0009919000003719702,9168.0,0.9487286001982639
12,2000,0.0017137999966507778,20353.0,1.2423337970623425
12,5000,0.004891499993391335,58578.0,2.5286641686907383
12,10000,0.0112098999961745,126863.0,5.056803523568594
12,20000,0.024201499996706843,273775.0,10.255447096791734
12,50000,0.06549900000391062,760968.0,26.78459848471025
12,100000,0.15044870000565425,1618980.0,60.764313853117784
12,200000,0.2999398999963887,3440373.0,120.56206617232903
12,500000,0.9009883000107948,9038480.0,360.96823481379516
12,1000000,1.9627473000000464,19072058.0,785.6730461537229
12,2000000,4.454323799989652,40143990.0,1782.3048804596556
13,1000,0.0009617000032449141,9115.0,0.9334576833934033
13,2000,0.0018535000126576051,20232.0,1.2949035067222519
13,5000,0.004914200006169267,58238.0,2.534423783582825
13,10000,0.010944099994958378,127059.0,4.951368551269399
13,20000,0.023256099986610934,274106.0,9.877982095545715
13,50000,0.06805659999372438,770386.0,27.81487862176425
13,100000,0.1486282999976538,1638890.0,60.043346058574016
13,200000,0.3219456000078935,3478938.0,129.37091615774165
13,500000,0.8910572999884607,9035586.0,356.99565136522807
13,1000000,1.9665281999914441,19074836.0,787.1854897764148
13,2000000,4.445778499997687,40144840.0,1778.8867726454253
14,1000,0.0008825000113574788,9060.0,0.8984663566861254
14,2000,0.0016371999954571947,20264.0,1.2092589502203546
14,5000,0.0047986999998101965,58432.0,2.490118356634793
14,10000,0.01089499999943655,126715.0,4.930175238283041
14,20000,0.02364769999985583,273987.0,10.03437223579144
14,50000,0.07599259998823982,769628.0,30.98869590275418
14,100000,0.1384122000017669,1638886.0,55.95690461527527
14,200000,0.3040603999979794,3479057.0,122.21685642676229
14,500000,0.8767988000035984,9035926.0,351.2922729225877
14,1000000,1.9787350999977207,19075743.0,792.068277082346
14,2000000,4.966248500000802,40146267.0,1987.0747930990324
15,1000,0.0008789999992586672,9619.0,0.9307215053618338
15,2000,0.0017262999899685383,20845.0,1.2607938439552995
15,5000,0.004891399992629886,58447.0,2.527344841566452
15,10000,0.011310400004731491,127074.0,5.097956286927667
15,20000,0.023041100008413196,274037.0,9.791837224530452
15,50000,0.0802648999961093,769717.0,32.69768432515877
15,100000,0.1336555000016233,1639562.0,54.054468810750315
15,200000,0.3032601999875624,3477205.0,121.89646091359867
15,500000,1.0236259999946924,9443441.0,410.0489837421929
15,1000000,2.3219863999984227,19889453.0,929.393292194404
15,2000000,4.955007500000647,41768092.0,1982.6016377735582
16,1000,0.001182299994979985,10242.0,1.089549841110093
16,2000,0.0017711999971652403,22872.0,1.3342081567323203
16,5000,0.005086599994683638,58444.0,2.6053955448271964
16,10000,0.010514099994907156,126783.0,4.77812228706686
16,20000,0.023316099992371164,274189.0,9.902156373474474
16,50000,0.06933569999819156,770414.0,28.32654014871056
16,100000,0.14797980000730604,1639716.0,59.78424444336661
16,200000,0.30258250000770204,3478725.0,121.62563987072319
16,500000,1.0102641000121366,9613846.0,404.7150250728565
16,1000000,2.0695909000060055,20220912.0,828.4450701075704
16,2000000,5.791261999998824,42443829.0,2317.1131227182896
17,1000,0.0011044999992009252,10262.0,1.059633962781125
17,2000,0.0017025999986799434,22672.0,1.3012965924740338
17,5000,0.004753899993374944,58503.0,2.4728917296652657
17,10000,0.011823299995739944,127012.0,5.302836325435082
17,20000,0.027890299999853596,273684.0,11.7307760247752
17,50000,0.07381210000312421,770164.0,30.11690796176006
17,100000,0.14160919999994803,1639443.0,57.23590582299683
17,200000,0.34352840000065044,3478343.0,138.00393478991293
17,500000,1.0065277000103379,9610588.0,403.2202585599304
17,1000000,3.2725837000034517,20227350.0,1309.64238390966
17,2000000,5.985867900002631,42440393.0,2394.9554334736226
18,1000,0.001116400002501905,10371.0,1.0709564180069917
18,2000,0.002367900000535883,22754.0,1.5696599348107183
18,5000,0.005279400007566437,58663.0,2.6846542719155506
18,10000,0.011548599999514408,127289.0,5.194207106576851
18,20000,0.026530200004344806,274236.0,11.187895064461031
18,50000,0.07634139999572653,769563.0,31.12816593662874
18,100000,0.15907249999872874,1639909.0,64.22139415848268
18,200000,0.3633257000037702,3476325.0,145.92251100219997
18,500000,1.1925439000042388,9611162.0,477.6267749411638
18,1000000,2.4005863000056706,20224117.0,960.84332658755
18,2000000,6.534322299994528,42451187.0,2614.337348174506
19,1000,0.0008694999996805564,10329.0,0.9696677649148748
19,2000,0.002089500005240552,22672.0,1.4560565950982773
19,5000,0.005505599998286925,62121.0,2.8089045899025695
19,10000,0.013302300008945167,134218.0,5.92697466294849
19,20000,0.02642789999663364,288862.0,11.177685366031637
19,50000,0.07555779999529477,770245.0,30.815250227839517
19,100000,0.16060489999654237,1639238.0,64.83411176825562
19,200000,0.33499079999455716,3479866.0,134.58915424762796
19,500000,1.0225338000018382,9612086.0,409.622793509043
19,1000000,2.200256799987983,20221758.0,880.711455567499
19,2000000,5.013437600006,42444743.0,2005.9833758209904
20,1000,0.0009622000070521608,10253.0,1.0021721119294242
20,2000,0.0018979000014951453,22675.0,1.3794986670730771
20,5000,0.0060652000101981685,66985.0,3.0802457065071702
20,10000,0.013108800005284138,143728.0,5.892516590365545
20,20000,0.02970560001267586,306942.0,12.526728062737304
20,50000,0.08759490000375081,769955.0,35.6298672920706
20,100000,0.1642775999935111,1639207.0,66.30318056872729
20,200000,0.3421018999943044,3477543.0,137.43319849839102
20,500000,1.0140753000014229,9613820.0,406.2395034205301
20,1000000,2.1908307999983663,20224021.0,876.9411236947403
20,2000000,4.945790199999465,42440502.0,1978.9243550345896
21,1000,0.0011353000008966774,10276.0,1.072796847447285
21,2000,0.001985199996852316,22700.0,1.4151026108239662
21,5000,0.005219200000283308,66993.0,2.7419238293699104
21,10000,0.011187099997187033,143557.0,5.1230644451878256
21,20000,0.025558900000760332,307406.0,10.869022321704167
21,50000,0.06870560000243131,769029.0,28.07343542376992
21,100000,0.1565234000008786,1639329.0,63.20154464246565
21,200000,0.3224590000027092,3479092.0,129.57630239129725
21,500000,1.0350501999928383,9613743.0,414.62945853635966
21,1000000,2.195508799995878,20222354.0,878.8122735120446
21,2000000,4.8104643000115175,42443129.0,1924.794032690674
22,1000,0.0010789999942062423,10305.0,1.0520228187459622
22,2000,0.002332500007469207,22715.0,1.5544329824355354
22,5000,0.005108900004415773,67047.0,2.6983311871165157
22,10000,0.013051000001723878,143762.0,5.86955011423923
22,20000,0.027145100000780076,306875.0,11.502387377655465
22,50000,0.07471679999434855,770438.0,30.47899859731002
22,100000,0.15215249999891967,1640378.0,61.45356357824061
22,200000,0.3339025000022957,3478536.0,134.1536076702883
22,500000,1.0283407999959309,9613020.0,411.9456527093814
22,1000000,2.200211700008367,20224444.0,880.6934964323095
22,2000000,4.937428399993223,42443278.0,1975.5796748188866
23,1000,0.0009337999945273623,10421.0,1.0009267147738146
23,2000,0.0019696999952429906,22665.0,1.4079450863290068
23,5000,0.005621699994662777,66318.0,2.896331875951453
23,10000,0.012894800005597062,143486.0,5.805823851606455
23,20000,0.02897730001132004,307393.0,12.236355029745873
23,50000,0.0760257000074489,769533.0,31.00186287864686
23,100000,0.1456460000044899,1638574.0,58.8503119107341
23,200000,0.3339334000047529,3477254.0,134.16574926817512
23,500000,0.9886768999858759,9610083.0,396.07990654011974
23,1000000,2.1827138000080595,20222910.0,873.6942902541851
23,2000000,4.795944800003781,42453066.0,1918.9863751088217
24,1000,0.0009401999996043742,10335.0,0.9983090008791987
24,2000,0.0017731999978423119,22757.0,1.3318620072062526
24,5000,0.0063039999949978665,66804.0,3.1739980809280652
24,10000,0.01264400000218302,143542.0,5.705756715437196
24,20000,0.027096899997559376,307879.0,11.485215481513752
24,50000,0.0691579999984242,832611.0,28.30327444671921
24,100000,0.1569591000006767,1766320.0,63.421698362600125
24,200000,0.3363214999990305,3729939.0,135.16403699312968
24,500000,1.005199300008826,9613421.0,402.68907813240156
24,1000000,2.4417753999878187,20221276.0,977.3188810577875
24,2000000,4.868491400004132,42446710.0,1948.0049240121102
25,1000,0.0009242999949492514,10378.0,0.9945378569798599
25,2000,0.0017224000039277598,22837.0,1.313730635586099
25,5000,0.006157399999210611,66718.0,3.1145182192048058
25,10000,0.012267199999769218,143513.0,5.554905766423562
25,20000,0.0259611999936169,307279.0,11.029675656143992
25,50000,0.07418600001255982,880179.0,30.351042623237788
25,100000,0.1567570000042906,1863775.0,63.376062617918606
25,200000,0.36406710000301246,3924527.0,146.29542724562324
25,500000,0.960874700002023,9610295.0,384.95903998445084
25,1000000,2.213227600004757,20219523.0,885.8997082940045
25,2000000,4.922624300001189,42442186.0,1969.658019171072
26,1000,0.0010351000091759488,10265.0,1.0320545847685327
26,2000,0.0018198999896412715,22505.0,1.343647832196985
26,5000,0.005840300000272691,66535.0,2.985891068423483
26,10000,0.01251290000800509,143293.0,5.652192370732219
26,20000,0.026903499994659796,306750.0,11.405484911917192
26,50000,0.07526649998908397,880949.0,30.783834555732025
26,100000,0.16413600000669248,1862500.0,66.32720204298599
26,200000,0.36046909999276977,3922451.0,144.85587357161398
26,500000,1.0355695000034757,9610129.0,414.8369494629244
26,1000000,2.218543700000737,20222375.0,888.0262341461513
26,2000000,4.872713899996597,42438743.0,1949.6938098227185
27,1000,0.001097399988793768,10420.0,1.066306506481244
27,2000,0.001706100010778755,22574.0,1.3000155305301164
27,5000,0.005046799997217022,66622.0,2.6693406964631574
27,10000,0.011869599999045022,143675.0,5.396597269023346
27,20000,0.025766899998416193,307634.0,10.952701053807765
27,50000,0.07028450000507291,880552.0,28.790729366116985
27,100000,0.16524509999726433,1863531.0,66.77121447352536
27,200000,0.35346160001063254,3918668.0,142.05222910222838
27,500000,0.9720419999939622,9609439.0,389.425905722648
27,1000000,2.181974499995704,20224387.0,873.3986147113732
27,2000000,4.724726899992675,42441260.0,1890.4990458958466
28,1000,0.0010972000018227845,10315.0,1.0599048817839067
28,2000,0.001968900003703311,22900.0,1.414054178428532
28,5000,0.005452899989904836,66716.0,2.832698683775325
28,10000,0.010867699995287694,143359.0,4.994410385340968
28,20000,0.035690999997314066,306760.0,14.920505910042113
28,50000,0.08329559999401681,880181.0,33.994884153331974
28,100000,0.1683406000083778,1861832.0,68.0088007380156
28,200000,0.35499609999533277,3922530.0,142.6666870311763
28,500000,0.9810202999942703,9614362.0,393.017537772984
28,1000000,2.191557300000568,20222778.0,877.2316862775925
28,2000000,4.865615999995498,42447717.0,1946.854778441402
29,1000,0.0009494999976595864,10302.0,1.0000422021299014
29,2000,0.001817800002754666,22630.0,1.3462275654824476
29,5000,0.0060975999949732795,66748.0,3.0908911931174394
29,10000,0.012265400000615045,143586.0,5.554515394607144
29,20000,0.02527449998888187,306749.0,10.7538828098997
29,50000,0.07669229999009985,881442.0,31.35453355269565
29,100000,0.16221589999622665,1864152.0,65.55975880066306
29,200000,0.35874879999028053,3925131.0,144.16821013871302
29,500000,1.1752359999954933,9612165.0,470.70367851401403
29,1000000,2.233439699994051,20219618.0,893.9845511495071
29,2000000,4.862938600010239,42449629.0,1945.7838458508825
30,1000,0.0011281999904895201,10355.0,1.074713117215913
30,2000,0.0016943000082392246,22581.0,1.29548703428455
30,5000,0.005236999990302138,67169.0,2.7507626156084988
30,10000,0.011829700000816956,143763.0,5.381034629326396
30,20000,0.025650199997471645,307569.0,10.905884572519062
30,50000,0.07312909999745898,880207.0,29.928304142356893
30,100000,0.16000150000036228,1859312.0,64.6722504201025
30,200000,0.34614419999707025,3922825.0,139.12597728843397
30,500000,1.0199023000022862,10301917.0,408.6139192679711
30,1000000,2.2684528999961913,21594377.0,908.0312155199441
30,2000000,4.979976499991608,45193843.0,1992.6383370668534
31,1000,0.001223200000822544,12572.0,1.246189821426532
31,2000,0.001984600006835535,27773.0,1.553648857596869
31,5000,0.005046899997978471,66647.0,2.669624843107376
31,10000,0.012451000002329238,143270.0,5.6273285131133735
31,20000,0.02490859999670647,306164.0,10.60629448483159
31,50000,0.07233530000667088,880929.0,29.611339187652906
31,100000,0.16010510000342038,1862242.0,64.71474884279048
31,200000,0.34417489999032114,3925169.0,138.33865661245596
31,500000,1.0992303999955766,11091301.0,440.3951953093969
31,1000000,2.3348441000125604,23183201.0,934.6355238946749
31,2000000,4.990636600006837,48366196.0,1996.9478445636805
32,1000,0.0010503999947104603,13251.0,1.217949692392867
32,2000,0.0020583000004990026,28904.0,1.6140705543691247
32,5000,0.005870600012713112,67014.0,3.002688917267128
32,10000,0.012022299997624941,143855.0,5.458490049443607
32,20000,0.02561460000288207,307722.0,10.891965829750388
32,50000,0.07588629999372642,880154.0,31.031143396812077
32,100000,0.1548218999960227,1860048.0,62.600676288058835
32,200000,0.3450728000025265,3922269.0,138.69732256977295
32,500000,1.0730493000010028,11091332.0,429.9227572765393
32,1000000,2.410109399992507,23182510.0,964.7416230854808
32,2000000,5.275670300005004,48373079.0,2110.9614232129834
33,1000,0.0014186999906087294,13670.0,1.3904960043888162
33,2000,0.002541699999710545,28354.0,1.7923837506772804
33,5000,0.005056200010585599,67042.0,2.6772023603165183
33,10000,0.01143660000525415,143939.0,5.224589350289826
33,20000,0.025588400007109158,305987.0,10.877842840973798
33,50000,0.07159999999566935,881928.0,29.317987170190854
33,100000,0.15809540000918787,1862831.0,63.911081613098425
33,200000,0.3481443000055151,3922654.0,139.9259881600417
33,500000,1.0715272999950685,11092937.0,429.3140590090003
33,1000000,2.343817899993155,23184920.0,938.2250956339691
33,2000000,5.007822599989595,48373099.0,2003.8223434934682
34,1000,0.0010561999952187762,13107.0,1.2116000287210706
34,2000,0.002704099999391474,28931.0,1.8731292151827759
34,5000,0.00497449999966193,67145.0,2.6455282388663623
34,10000,0.011953599998378195,143850.0,5.430987472495233
34,20000,0.025282000002334826,306983.0,10.757374146560062
34,50000,0.0752412000001641,881881.0,30.774431040471125
34,100000,0.15631130000110716,1864711.0,63.198120733536356
34,200000,0.37884170000324957,3924361.0,152.205238965754
34,500000,1.0737191000080202,11100207.0,430.1912398317814
34,1000000,2.380134899998666,23184018.0,952.7518684832677
34,2000000,5.138024100000621,48369288.0,2055.9028888770317
35,1000,0.0017007999995257705,13720.0,1.5063463079122723
35,2000,0.0033284999954048544,28711.0,2.1168704922375436
35,5000,0.005085900003905408,66795.0,2.686670191808812
35,10000,0.012466700005461462,143406.0,5.634222615557418
35,20000,0.02599680000275839,307178.0,11.043703589462138
35,50000,0.08135239999683108,880908.0,33.218163039847404
35,100000,0.17941380001138896,1862285.0,72.4382443791257
35,200000,0.3865663000033237,3923338.0,155.294904686246
35,500000,1.1722618000057992,11093045.0,469.60786585900104
35,1000000,2.607377499996801,23178978.0,1043.648756763404
35,2000000,5.48176360000798,48365324.0,2193.398632066269
36,1000,0.0014756000018678606,13486.0,1.4021781050520343
36,2000,0.0026760000037029386,29048.0,1.8650900823529
36,5000,0.006277699998463504,66516.0,3.1606655164816826
36,10000,0.011623599988524802,143917.0,5.299290003699518
36,20000,0.028004299994790927,307858.0,11.848131386573625
36,50000,0.10120590000587981,880956.0,41.159599943740226
36,100000,0.18247020000126213,1862553.0,73.66090118632157
36,200000,0.3639066999894567,3925702.0,146.23146741464544
36,500000,1.165711800000281,11088720.0,466.9875917115226
36,1000000,2.4940598999965005,23185578.0,998.3219154430809
36,2000000,5.404182199999923,48365860.0,2162.366079745222
37,1000,0.0010178999946219847,13453.0,1.2171113041823016
37,2000,0.0023185000027297065,28676.0,1.7119129713162549
37,5000,0.006060800005798228,66980.0,3.078436875479266
37,10000,0.012368199997581542,143607.0,5.595730217842377
37,20000,0.027397199999541044,306516.0,11.60247358259051
37,50000,0.07588799999211915,880337.0,31.031964078461215
37,100000,0.1647469000017736,1861289.0,66.57112458422874
37,200000,0.3585001000028569,3925103.0,144.06872537362915
37,500000,1.256334899997455,11097341.0,503.2373781627351
37,1000000,2.513201300011133,23189889.0,1005.9786052229649
37,2000000,5.595809999998892,48361057.0,2239.017130906204
38,1000,0.00122160000319127,13331.0,1.2912461757158145
38,2000,0.002095999996527098,28725.0,1.6242535022269329
38,5000,0.005455100006656721,66283.0,2.8293500758735366
38,10000,0.011968899998464622,143842.0,5.437071348930324
38,20000,0.025288500008173287,306419.0,10.758789914530244
38,50000,0.07689969999773894,881036.0,31.437181440939412
38,100000,0.171720499987714,1862830.0,69.36112124327288
38,200000,0.3753357999958098,3923906.0,150.80280144841873
38,500000,1.1385685999994166,11101715.0,456.13113541471427
38,1000000,2.473923300000024,23188246.0,990.2673557592932
38,2000000,5.297939600000973,48374511.0,2119.869163735394
39,1000,0.0012943000037921593,13230.0,1.314245370043758
39,2000,0.002038100006757304,29011.0,1.6089178440747751
39,5000,0.006218700000317767,86406.0,3.3313083450399286
39,10000,0.014123599990853108,180356.0,6.463828484810838
39,20000,0.029572500003268942,381088.0,12.629172883872316
39,50000,0.07170509999559727,881561.0,29.35974503682223
39,100000,0.1607545000006212,1861179.0,64.97412484780835
39,200000,0.3592027999984566,3924874.0,144.3497663591475
39,500000,1.077707200005534,11095315.0,431.78616974554603
39,1000000,2.3662486000102945,23183525.0,947.1973336471403
39,2000000,5.165710100001888,48363349.0,2066.9772037573057
40,1000,0.0010225000005448237,13615.0,1.22870467841095
40,2000,0.001980300003197044,28419.0,1.5696020106527344
40,5000,0.0065418000012869015,86966.0,3.4660172234354887
40,10000,0.01419150001311209,183624.0,6.505744984101879
40,20000,0.02934980001009535,386452.0,12.551355711310237
40,50000,0.07417480000003707,880133.0,30.346527255466754
40,100000,0.16373149999708403,1860551.0,66.16469799018876
40,200000,0.34682360000442713,3923781.0,139.397900156712
40,500000,1.0847178999974858,11089538.0,434.5900835603078
40,1000000,2.3133751999994274,23185796.0,926.0480420067056
40,2000000,5.2733855999977095,48356735.0,2110.047308961018
41,1000,0.0011283999920124188,13479.0,1.262876659115928
41,2000,0.001993199999560602,28301.0,1.5715337859282987
41,5000,0.007371100000455044,86420.0,3.792405067045037
41,10000,0.014719099999638274,183243.0,6.715064592287133
41,20000,0.03127859999949578,385138.0,13.320116692964245
41,50000,0.0721625000005588,881802.0,29.542890308929156
41,100000,0.15595900001062546,1862714.0,63.056479349062066
41,200000,0.35080449999077246,3924824.0,140.99043783801235
41,500000,1.092428400006611,11090756.0,437.6743607683371
41,1000000,2.337619999991148,23191179.0,935.7461240478403
41,2000000,5.095314300007885,48367021.0,2038.8189363883448
42,1000,0.0015806000010343269,13344.0,1.4356288528417638
42,2000,0.0022241000115172938,28858.0,1.6791320988576826
42,5000,0.006929700000910088,86539.0,3.617007203803735
42,10000,0.013646799998241477,183205.0,6.285973004630886
42,20000,0.033075200000894256,387287.0,14.043268962408069
42,50000,0.07881029999407474,880122.0,32.20071879676919
42,100000,0.17065450000518467,1861518.0,68.93424730863597
42,200000,0.3706310999987181,3923107.0,148.9207853309598
42,500000,1.063384599998244,11095427.0,426.05713684188333
42,1000000,2.3175440000050003,23184191.0,927.7155136936204
42,2000000,5.1013612000097055,48358858.0,2041.237579393541
43,1000,0.0011774000013247132,13556.0,1.287112524774071
43,2000,0.0022083000076236203,28911.0,1.674262061989218
43,5000,0.006090299997595139,87201.0,3.2877121975513877
43,10000,0.01434720000543166,184341.0,6.571262558633073
43,20000,0.030137200010358356,387944.0,12.869448473246791
43,50000,0.0699663999985205,881359.0,28.664109749341282
43,100000,0.16102140001021326,1861946.0,65.08116191965318
43,200000,0.3500932000024477,3927381.0,140.70635345634597
43,500000,1.0874277999973856,11088469.0,435.67397580043075
43,1000000,2.3179329999984475,23183291.0,927.8710865982997
43,2000000,5.1653399000060745,48368575.0,2066.829198660199
44,1000,0.0012436000106390566,13392.0,1.3037187446420297
44,2000,0.0026130000042030588,28779.0,1.8325308278106425
44,5000,0.006464499994763173,87468.0,3.4399996793259424
44,10000,0.014484500003163703,183240.0,6.6212110473475
44,20000,0.03016770000976976,386924.0,12.879506772563646
44,50000,0.0722169000073336,880808.0,29.56388616847899
44,100000,0.1590952999977162,1863460.0,64.31126882595049
44,200000,0.34816769999451935,3921212.0,139.93510249475065
44,500000,1.0577495000034105,11090320.0,423.8027731306782
44,1000000,2.324183399992762,23185340.0,930.3713082770716
44,2000000,5.109265499995672,48363994.0,2044.399372999229
45,1000,0.001452099997550249,13236.0,1.3777266035417906
45,2000,0.00208089999796357,28949.0,1.6243416554493895
45,5000,0.007687500008614734,86442.0,3.919179919087795
45,10000,0.015509100005147047,183028.0,7.030093772754626
45,20000,0.035782300008577295,386643.0,15.12475675461038
45,50000,0.10758559999521822,881783.0,43.71211570043474
45,100000,0.1708978999959072,1863263.0,69.0322376617359
45,200000,0.37901510001393035,3922436.0,152.27427102465978
45,500000,1.2601527999941027,11089819.0,504.76406137047394
45,1000000,2.493226299993694,23185775.0,997.9884813722491
45,2000000,5.6469610999920405,48372893.0,2259.477740541968
46,1000,0.0013272000069264323,13656.0,1.3530531269280384
46,2000,0.002032599993981421,28681.0,1.597689756938545
46,5000,0.006511300001875497,86826.0,3.4524500041689503
46,10000,0.016090999997686595,182019.0,7.258297680786071
46,20000,0.03301720001036301,387253.0,14.019997576180648
46,50000,0.07624249999935273,881411.0,31.17458972497028
46,100000,0.16601110000920016,1858590.0,67.0758296112494
46,200000,0.37107839999953285,3923875.0,149.09983616870986
46,500000,1.1781716999976197,11094181.0,471.971897862441
46,1000000,2.633023600006709,23184767.0,1053.9073710336315
46,2000000,5.95066040000529,48375212.0,2380.9574937841467
47,1000,0.0011228000075789168,12936.0,1.2279448078134187
47,2000,0.0020296000002417713,28509.0,1.5917842136595008
47,5000,0.007035499991616234,86528.0,3.6592197756967524
47,10000,0.015806800001882948,183840.0,7.152840316796174
47,20000,0.03183210000861436,387767.0,13.547036824530327
47,50000,0.08146149999811314,881392.0,33.26217511811625
47,100000,0.17673829999694135,1863022.0,71.36831060427482
47,200000,0.37167870000121184,3925375.0,149.3402117112255
47,500000,1.1638833000033628,11096944.0,466.25671300078085
47,1000000,2.4906099999934668,23182102.0,996.9418508038409
47,2000000,5.711186700005783,48366233.0,2285.167885093558
48,1000,0.0014089000032981858,13218.0,1.3593628978565748
48,2000,0.0019881000043824315,28429.0,1.5729955893700978
48,5000,0.006423700004233979,86421.0,3.4134548344101963
48,10000,0.021196899993810803,183057.0,9.305344716268243
48,20000,0.03446059999987483,387546.0,14.597972785937511
48,50000,0.0802213999995729,922696.0,32.79788780389567
48,100000,0.1739532999927178,1947129.0,70.28469307839977
48,200000,0.41373320001002867,4095162.0,166.1909368368034
48,500000,1.1551538999920012,11093718.0,462.76474851238765
48,1000000,2.5732355000072857,23191394.0,1029.9923305264404
48,2000000,5.892575399993802,48373830.0,2357.7234739721493
49,1000,0.0010868000099435449,13395.0,1.2411793623612235
49,2000,0.0027809999883174896,28856.0,1.9018373739291192
49,5000,0.00618640000175219,86141.0,3.3158003944135275
49,10000,0.015106299993931316,183700.0,6.872008150624627
49,20000,0.050151500006904826,388374.0,20.87607134558353
49,50000,0.09336869999242481,1141126.0,38.224727107332605
49,100000,0.1939303000108339,2384259.0,78.43340017605172
49,200000,0.44149840000318363,4967142.0,177.445568418852
49,500000,1.133039700012887,11093974.0,453.9190847476066
49,1000000,2.4930280999979004,23184953.0,997.9091766292661
49,2000000,5.972713799987105,48367599.0,2389.7787446641705
50,1000,0.0011119000118924305,13471.0,1.2557950190748701
50,2000,0.00240089998987969,28545.0,1.7412890911902186
50,5000,0.00622270000167191,87310.0,3.341736677222921
50,10000,0.01409820000117179,184007.0,6.470154396650849
50,20000,0.03284200000052806,386477.0,13.948288200141352
50,50000,0.1029695999895921,1141438.0,42.065326957976126
50,100000,0.22198170000046957,2379616.0,89.65228295318215
50,200000,0.4746188999997685,4961138.0,190.69274556866478
50,500000,1.309077799989609,11093976.0,524.3343248650677
50,1000000,2.8868806999962544,23189086.0,1155.4503410443049
50,2000000,5.743295799999032,48381649.0,2298.0117460394213
51,1000,0.0011907000007340685,13402.0,1.2831608006713626
51,2000,0.0019712999928742647,28637.0,1.5719660122255656
51,5000,0.006766899998183362,87049.0,3.5568677880416737
51,10000,0.015355099996668287,183013.0,6.968426037614098
51,20000,0.03140729998995084,385929.0,13.373257556846404
51,50000,0.09770349999598693,1140717.0,39.9583326876785
51,100000,0.2129863000009209,2379428.0,86.05405504099566
51,200000,0.4798069999960717,4959063.0,192.7676320676351
51,500000,1.2919248000107473,11095805.0,517.4732408068644
51,1000000,2.820900199993048,23196388.0,1129.058360855125
51,2000000,5.972950800001854,48377172.0,2389.8736818743123
52,1000,0.0013840000028721988,13434.0,1.362407393498864
52,2000,0.002503600000636652,28435.0,1.779359734817711
52,5000,0.0072253999969689175,86742.0,3.7372696705051327
52,10000,0.01626189998933114,183619.0,7.333882397339825
52,20000,0.03327109999372624,385859.0,14.118630578914072
52,50000,0.1042678999947384,1143751.0,42.586425091955455
52,100000,0.21469249999790918,2381739.0,86.73736985617495
52,200000,0.47142810000514146,4966282.0,189.41730190897786
52,500000,1.2160756999946898,11097811.0,487.13372795313825
52,1000000,2.707814299996244,23190287.0,1083.823817198003
52,2000000,5.883335200007423,48374991.0,2354.027410617535
53,1000,0.0017034999909810722,13474.0,1.4926156287077252
53,2000,0.0020093000057386234,28729.0,1.5896829372088264
53,5000,0.006569200006197207,86221.0,3.469701664478378
53,10000,0.016778799996245652,184337.0,7.543884493158931
53,20000,0.033303699994576164,385760.0,14.131462708328234
53,50000,0.0969420000037644,1140655.0,39.65368502793645
53,100000,0.21014880000439007,2379605.0,84.91911898115441
53,200000,0.45194769999943674,4966346.0,181.62515280981464
53,500000,1.1874299999908544,11093312.0,475.6751627771359
53,1000000,2.5800222999969264,23181753.0,1032.706760299278
53,2000000,5.561577100001159,48363840.0,2225.324010794231
54,1000,0.0010711000068113208,13169.0,1.221292805304322
54,2000,0.002969900000607595,28400.0,1.964922210954859
54,5000,0.006785600009607151,87239.0,3.566203304792443
54,10000,0.013276700003189035,182576.0,6.1350927886008195
54,20000,0.02854690000822302,386162.0,12.229586795728133
54,50000,0.09304240001074504,1140489.0,38.09371741728346
54,100000,0.20438060000014957,2385022.0,82.61379579484203
54,200000,0.45908000000054017,4969828.0,184.47866600805668
54,500000,1.1526636000053259,11093530.0,461.7686166011138
54,1000000,2.630818999998155,23190899.0,1053.0257156218033
54,2000000,6.1769564999995055,48358419.0,2471.475693097529
55,1000,0.0014365999959409237,13209.0,1.3699010409214747
55,2000,0.0032026999979279935,28962.0,2.0734173071513298
55,5000,0.006876700004795566,87484.0,3.605035936996268
55,10000,0.016156099998624995,183433.0,7.290722527369464
55,20000,0.03503129999444354,385586.0,14.822137359375283
55,50000,0.1008838999987347,1139603.0,41.22963629493421
55,100000,0.23191039999073837,2383444.0,93.62514576067775
55,200000,0.5489826999983052,4963093.0,220.4385986242829
55,500000,1.1621248000010382,11087862.0,465.5527373264746
55,1000000,2.775449300010223,23187446.0,1110.877731680973
55,2000000,5.639043399991351,48380313.0,2256.3107668882376
56,1000,0.0011699000024236739,13413.0,1.2755030673376655
56,2000,0.0024000999983400106,29097.0,1.7560706135994497
56,5000,0.006177799994475208,86733.0,3.318141776825379
56,10000,0.015035899996291846,183155.0,6.841387231354285
56,20000,0.030722999988938682,386741.0,13.10124251797442
56,50000,0.09613969999190886,1135607.0,39.32888434444963
56,100000,0.20545740000670776,2383224.0,83.04386629514666
56,200000,0.43084419998922385,4966613.0,173.18379829217773
56,500000,1.064069500003825,11094171.0,426.3310172310612
56,1000000,3.009086899997783,23181446.0,1204.3325910579997
56,2000000,5.655343300008099,48379554.0,2262.830716016631
57,1000,0.0013368000072659925,13416.0,1.3424436872719911
57,2000,0.002108899992890656,28748.0,1.6300427307317351
57,5000,0.008147999993525445,86717.0,4.106065522788105
57,10000,0.015378599986433983,183964.0,6.982120226408522
57,20000,0.031360499997390434,386148.0,13.3549973955066
57,50000,0.09544419999292586,1141275.0,39.055041652131465
57,100000,0.19944489999033976,2383473.0,80.63895623636216
57,200000,0.4091450999985682,4971144.0,164.50493020264574
57,500000,1.0693100999924354,11092042.0,428.4271222773071
57,1000000,2.43679439999687,23191719.0,975.4159003057491
57,2000000,5.118074000012712,48379044.0,2047.9229887089427
58,1000,0.0012577000015880913,13677.0,1.3265174507744906
58,2000,0.002985600003739819,29003.0,1.9876989802732141
58,5000,0.00646279999637045,86465.0,3.4295245288225487
58,10000,0.0137959999992745,184571.0,6.3518211096552495
58,20000,0.02838030000566505,388659.0,12.168189761389186
58,50000,0.0914166999864392,1140303.0,37.44329441900199
58,100000,0.21153420000337064,2385970.0,85.47557824785352
58,200000,0.43195660000492353,4965047.0,173.6284915127724
58,500000,1.2122147000045516,11094261.0,485.58910293610893
58,1000000,2.75197099999059,23195817.0,1101.4866636653292
58,2000000,5.325220600003377,48374602.0,2130.781565040606
59,1000,0.0017056999931810424,13269.0,1.48115339976549
59,2000,0.003111500001978129,28526.0,2.0250092973674985
59,5000,0.0067328999866731465,86573.0,3.5386192371308667
59,10000,0.015024299995275214,183173.0,6.836828509046462
59,20000,0.029441399994539097,388765.0,12.592852325808861
59,50000,0.09600830000999849,1141589.0,39.28092304824852
59,100000,0.19654950000403915,2381147.0,79.47995600691802
59,200000,0.42310729999735486,4955022.0,170.0870636384205
59,500000,1.0560089999926277,11093681.0,423.10678616734924
59,1000000,2.336095899998327,23192240.0,935.1365159899946
59,2000000,5.21034880001389,48374077.0,2084.8328375202914
60,1000,0.001275799993891269,13269.0,1.3091934000495806
60,2000,0.002790300000924617,29218.0,1.915460911376114
60,5000,0.006706999993184581,87517.0,3.5374782055201974
60,10000,0.01426329999230802,183185.0,6.532482693258804
60,20000,0.029330899997148663,388182.0,12.54742819806738
60,50000,0.08841450000181794,1138836.0,36.24128666055001
60,100000,0.22667610000644345,2382448.0,91.53106597590897
60,200000,0.4641447000030894,4967007.0,186.5040654200483
60,500000,1.100734999999986,11093885.0,440.9971991010753
60,1000000,2.525831899998593,23184236.0,1011.0306750456925
60,2000000,5.182760800002143,48369377.0,2073.797570153226
61,1000,0.0012909000070067123,13501.0,1.3292011970945667
61,2000,0.002144500002032146,28914.0,1.6488241332255904
61,5000,0.008381799998460338,87367.0,4.205933329592668
61,10000,0.014132800002698787,182881.0,6.478910000634883
61,20000,0.02735709999979008,386902.0,11.755220575032705
61,50000,0.08739729999797419,1140063.0,35.83534992224936
61,100000,0.18142330000409856,2381012.0,73.42942724008249
61,200000,0.40544400000362657,4963526.0,163.02319239282374
61,500000,1.3222860999958357,14324152.0,529.8223934168298
61,1000000,2.6991041000001132,29673088.0,1080.534888955243
61,2000000,5.900458400006755,61321161.0,2361.062240543311
62,1000,0.0015461999864783138,16728.0,1.625605948084741
62,2000,0.002823799994075671,34853.0,2.083022248684462
62,5000,0.006735100003425032,86661.0,3.540358638947149
62,10000,0.013470000005327165,183729.0,6.21761910323108
62,20000,0.03354230000695679,385591.0,14.22654786291219
62,50000,0.09258799999952316,1143735.0,37.91445279377825
62,100000,0.18666059999668505,2383567.0,75.52527019508379
62,200000,0.41564790000848006,4961643.0,167.10443160457024
62,500000,1.2529998999962118,14449788.0,502.11587700433154
62,1000000,2.6973054999980377,29895074.0,1079.8221313988745
62,2000000,5.9773067999922205,61798378.0,2391.8084402112427
63,1000,0.0015925999905448407,20781.0,1.888180864196575
63,2000,0.002939799989690073,42659.0,2.3429774235786898
63,5000,0.006237900000996888,87215.0,3.3468889208622845
63,10000,0.013341600002604537,184154.0,6.168178168364387
63,20000,0.03213169999071397,387803.0,13.666952406797737
63,50000,0.08873920000041835,1139922.0,36.37200152867413
63,100000,0.1911131000088062,2382121.0,77.30574785268378
63,200000,0.4139071000099648,4968294.0,166.40924467770068
63,500000,1.2871468999946956,14458706.0,515.7752422817664
63,1000000,2.9529049999982817,29881938.0,1182.0615359659698
63,2000000,5.8652351000055205,61771306.0,2346.97937220933
64,1000,0.0017405999969923869,19799.0,1.8882585756271872
64,2000,0.0029141999984858558,42173.0,2.3194415244770754
64,5000,0.0063522999989800155,87123.0,3.3917504615256653
64,10000,0.013349300003028475,183513.0,6.168363765125653
64,20000,0.03147560000070371,387597.0,13.404079871291447
64,50000,0.08615630000713281,1141962.0,35.3404097929762
64,100000,0.1838012000080198,2383879.0,74.38162290524807
64,200000,0.4119873000017833,4962654.0,165.64036383709444
64,500000,1.238826799992239,14447972.0,496.4465218934217
64,1000000,2.74477509999997,29896248.0,1098.810006740569
64,2000000,5.9554578000097536,61781416.0,2383.068597111774
